"NewsAPI","1710907954624","1710763485000","Bitcoin Approaches Risky Territory As Halving Event Draws Near"
"NewsAPI","1710907954624","1710514856000","El Salvador Moves Over 5000 Bitcoin To National Vault: Nayib Bukele"
"NewsAPI","1710907954624","1710799234000","Bitcoin Analyst Targets $500,000 But Warns of “Scary” Dips"
"NewsAPI","1710907954624","1710763214000","Bitcoin ETF Debate: Jim Bianco Backs Vanguard As He Advocates Caution"
"NewsAPI","1710907954624","1710601247000","Vanguard CEO Doubles Down On Anti-Bitcoin ETF Stance – Details"
"NewsAPI","1710907954624","1710532813000","Is Another Country Besides El Salvador Buying Bitcoin?"
"NewsAPI","1710907954624","1710572435000","How Are Hong Kong Firms Preparing For Spot Bitcoin ETFs? OSL Exec Shares Details"
"NewsAPI","1710907954624","1710820818000","Over $2.6M Stolen In Phishing Scam Involving Top Crypto Trader"
"NewsAPI","1710907954624","1710758409000","Bitget Implements Zero Fee for BTC & ETH Spot Trading to Celebrate Crypto Milestones"
"NewsAPI","1710907954624","1710521068000","historical-binance added to PyPI"
